arm,comparator,variant,metric,documents,case_pairs,document_mean_delta,case_mean_delta,descriptive_percentile_95_interval
base,unchanged_0,all,teds,32,103,0.0,0.0,"[0.0, 0.0]"
base,unchanged_0,all,teds_structure,32,103,0.0,0.0,"[0.0, 0.0]"
all,base,all,teds,32,103,0.03759778084129063,0.03681944083715827,"[0.03266311362185408, 0.04253500112591005]"
all,base,all,teds_structure,32,103,0.03759778084129063,0.03681944083715827,"[0.03266311362185408, 0.04253500112591005]"
no_explicit_preservation,base,all,teds,32,103,0.022068805356862377,0.02026392412539254,"[0.008203205935284834, 0.03378841751202788]"
no_explicit_preservation,base,all,teds_structure,32,103,0.024931054638180048,0.02338470686834525,"[0.011154182622379777, 0.0365463401234876]"
all,no_explicit_preservation,all,teds,32,103,0.015528975484428257,0.01655551671176573,"[0.0052370240349006525, 0.028199973450664575]"
all,no_explicit_preservation,all,teds_structure,32,103,0.012666726203110585,0.013434733968813018,"[0.002462763951734541, 0.02550192546072363]"
base,unchanged_0,cell_perturbation,teds,32,32,0.0,0.0,"[0.0, 0.0]"
base,unchanged_0,cell_perturbation,teds_structure,32,32,0.0,0.0,"[0.0, 0.0]"
all,base,cell_perturbation,teds,32,32,0.0,0.0,"[0.0, 0.0]"
all,base,cell_perturbation,teds_structure,32,32,0.0,0.0,"[0.0, 0.0]"
no_explicit_preservation,base,cell_perturbation,teds,32,32,-0.018826895704150023,-0.018826895704150023,"[-0.03755586867545615, -0.003428979986364371]"
no_explicit_preservation,base,cell_perturbation,teds_structure,32,32,-0.01892755946381707,-0.01892755946381707,"[-0.03683279355186049, -0.0048076923076923045]"
all,no_explicit_preservation,cell_perturbation,teds,32,32,0.018826895704150023,0.018826895704150023,"[0.0034532408906036323, 0.037577681921678124]"
all,no_explicit_preservation,cell_perturbation,teds_structure,32,32,0.01892755946381707,0.01892755946381707,"[0.0048076923076923045, 0.03683279355186049]"
base,unchanged_0,extra_row,teds,32,32,0.0,0.0,"[0.0, 0.0]"
base,unchanged_0,extra_row,teds_structure,32,32,0.0,0.0,"[0.0, 0.0]"
all,base,extra_row,teds,32,32,0.11851257519460318,0.11851257519460318,"[0.10353534225891164, 0.13298426458537232]"
all,base,extra_row,teds_structure,32,32,0.11851257519460318,0.11851257519460318,"[0.10353534225891164, 0.13298426458537232]"
no_explicit_preservation,base,extra_row,teds,32,32,0.12091642134844933,0.12091642134844933,"[0.10829992837588794, 0.13420258852115294]"
no_explicit_preservation,base,extra_row,teds_structure,32,32,0.12091642134844933,0.12091642134844933,"[0.10829992837588794, 0.13420258852115294]"
all,no_explicit_preservation,extra_row,teds,32,32,-0.0024038461538461522,-0.0024038461538461522,"[-0.007211538461538457, 0.0]"
all,no_explicit_preservation,extra_row,teds_structure,32,32,-0.0024038461538461522,-0.0024038461538461522,"[-0.007211538461538457, 0.0]"
base,unchanged_0,preservation,teds,32,32,0.0,0.0,"[0.0, 0.0]"
base,unchanged_0,preservation,teds_structure,32,32,0.0,0.0,"[0.0, 0.0]"
all,base,preservation,teds,32,32,0.0,0.0,"[0.0, 0.0]"
all,base,preservation,teds_structure,32,32,0.0,0.0,"[0.0, 0.0]"
no_explicit_preservation,base,preservation,teds,32,32,-0.026879256108376586,-0.026879256108376586,"[-0.04414318836977335, -0.012733001425864296]"
no_explicit_preservation,base,preservation,teds_structure,32,32,-0.01892755946381707,-0.01892755946381707,"[-0.03683279355186049, -0.0048076923076923045]"
all,no_explicit_preservation,preservation,teds,32,32,0.026879256108376586,0.026879256108376586,"[0.012761771113064216, 0.04414679122816889]"
all,no_explicit_preservation,preservation,teds_structure,32,32,0.01892755946381707,0.01892755946381707,"[0.0048076923076923045, 0.03683279355186049]"
base,unchanged_0,span_perturbation,teds,7,7,0.0,0.0,"[0.0, 0.0]"
base,unchanged_0,span_perturbation,teds_structure,7,7,0.0,0.0,"[0.0, 0.0]"
all,base,span_perturbation,teds,7,7,0.0,0.0,"[0.0, 0.0]"
all,base,span_perturbation,teds_structure,7,7,0.0,0.0,"[0.0, 0.0]"
no_explicit_preservation,base,span_perturbation,teds,7,7,-0.04564920574772792,-0.04564920574772792,"[-0.0949102894915703, -0.010029652886795757]"
no_explicit_preservation,base,span_perturbation,teds_structure,7,7,-0.035619552860932165,-0.035619552860932165,"[-0.08488063660477453, 0.0]"
all,no_explicit_preservation,span_perturbation,teds,7,7,0.04564920574772792,0.04564920574772792,"[0.010029652886795757, 0.0949102894915703]"
all,no_explicit_preservation,span_perturbation,teds_structure,7,7,0.035619552860932165,0.035619552860932165,"[0.0, 0.08488063660477453]"
