arm,variant,cases,case_mean_initial_teds,case_mean_final_teds,case_mean_delta_teds,teds_initial_matching_n,teds_initial_nonmatching_n,teds_matching_regressions,teds_nonmatching_fixed,teds_improved,teds_degraded,teds_final_matching,case_mean_initial_teds_structure,case_mean_final_teds_structure,case_mean_delta_teds_structure,teds_structure_initial_matching_n,teds_structure_initial_nonmatching_n,teds_structure_matching_regressions,teds_structure_nonmatching_fixed,teds_structure_improved,teds_structure_degraded,teds_structure_final_matching,changed,normalized_changed,model_calls,adapter_failures,render_rejections,initial_render_failure,skipped,hit_length_cap,stop_action,generation_seconds,input_tokens,output_tokens,mean_generation_seconds,mean_input_tokens,mean_output_tokens,documents,document_mean_initial_teds,document_mean_final_teds,document_mean_delta_teds,document_mean_initial_teds_structure,document_mean_final_teds_structure,document_mean_delta_teds_structure,actions_with_valid_schema,accepted_actions,exact_target_actions,target_address_matches,render_attempts,render_seconds
unchanged_0,all,103,0.9575425569511521,0.9575425569511521,0.0,32,71,0,0,0,0,32,0.9601045890050071,0.9601045890050071,0.0,64,39,0,0,0,0,64,0,0,0,0,0,0,0,0,0,0,0,0,0.0,0.0,0.0,32,0.9572855694071523,0.9572855694071523,0.0,0.9599270244223268,0.9599270244223268,0.0,0,0,0,0,0,0.0
unchanged_0,preservation,32,1.0,1.0,0.0,32,0,0,0,0,0,32,1.0,1.0,0.0,32,0,0,0,0,0,32,0,0,0,0,0,0,0,0,0,0,0,0,0.0,0.0,0.0,32,1.0,1.0,0.0,1.0,1.0,0.0,0,0,0,0,0,0.0
unchanged_0,cell_perturbation,32,0.9917534593266545,0.9917534593266545,0.0,0,32,0,0,0,0,0,1.0,1.0,0.0,32,0,0,0,0,0,32,0,0,0,0,0,0,0,0,0,0,0,0,0.0,0.0,0.0,32,0.9917534593266545,0.9917534593266545,0.0,1.0,1.0,0.0,0,0,0,0,0,0.0
unchanged_0,extra_row,32,0.8790835786515506,0.8790835786515506,0.0,0,32,0,0,0,0,0,0.8790835786515506,0.8790835786515506,0.0,0,32,0,0,0,0,0,0,0,0,0,0,0,0,0,0,0,0,0,0.0,0.0,0.0,32,0.8790835786515506,0.8790835786515506,0.0,0.8790835786515506,0.8790835786515506,0.0,0,0,0,0,0,0.0
unchanged_0,span_perturbation,7,0.9657283072380146,0.9657283072380146,0.0,0,7,0,0,0,0,0,0.9657283072380146,0.9657283072380146,0.0,0,7,0,0,0,0,0,0,0,0,0,0,0,0,0,0,0,0,0,0.0,0.0,0.0,7,0.9657283072380146,0.9657283072380146,0.0,0.9657283072380146,0.9657283072380146,0.0,0,0,0,0,0,0.0
base,all,103,0.9575425569511521,0.9575425569511521,0.0,32,71,0,0,0,0,32,0.9601045890050071,0.9601045890050071,0.0,64,39,0,0,0,0,64,0,0,103,103,0,0,0,60,0,2914.5285560600014,131948,14896,28.296393748155353,1281.0485436893205,144.62135922330097,32,0.9572855694071523,0.9572855694071523,0.0,0.9599270244223268,0.9599270244223268,0.0,0,0,0,0,0,0.0
base,preservation,32,1.0,1.0,0.0,32,0,0,0,0,0,32,1.0,1.0,0.0,32,0,0,0,0,0,32,0,0,32,32,0,0,0,19,0,901.0519640749999,39652,4754,28.157873877343746,1239.125,148.5625,32,1.0,1.0,0.0,1.0,1.0,0.0,0,0,0,0,0,0.0
base,cell_perturbation,32,0.9917534593266545,0.9917534593266545,0.0,0,32,0,0,0,0,0,1.0,1.0,0.0,32,0,0,0,0,0,32,0,0,32,32,0,0,0,21,0,926.1747978340009,39652,4899,28.942962432312527,1239.125,153.09375,32,0.9917534593266545,0.9917534593266545,0.0,1.0,1.0,0.0,0,0,0,0,0,0.0
base,extra_row,32,0.8790835786515506,0.8790835786515506,0.0,0,32,0,0,0,0,0,0.8790835786515506,0.8790835786515506,0.0,0,32,0,0,0,0,0,0,0,32,32,0,0,0,16,0,915.5503821680004,44038,4348,28.610949442750012,1376.1875,135.875,32,0.8790835786515506,0.8790835786515506,0.0,0.8790835786515506,0.8790835786515506,0.0,0,0,0,0,0,0.0
base,span_perturbation,7,0.9657283072380146,0.9657283072380146,0.0,0,7,0,0,0,0,0,0.9657283072380146,0.9657283072380146,0.0,0,7,0,0,0,0,0,0,0,7,7,0,0,0,4,0,171.75141198300025,8606,895,24.535915997571465,1229.4285714285713,127.85714285714286,7,0.9657283072380146,0.9657283072380146,0.0,0.9657283072380146,0.9657283072380146,0.0,0,0,0,0,0,0.0
