case_id,mechanically_valid,events,edit_attempts,applied_edits,local_edits,global_edits,action_failures,render_failures,fresh_render_matches,changed_from_initial,final_html_sha256,final_html_valid,terminal_assessment,independent_visual_judgment,human_or_teacher_image_view_attestation,initial_render_reproduced,family_id,document_id,origin,source_sha256,initial_html_sha256,before_rows,before_cells,before_literal_format_tags,before_teds,before_teds_structure,after_rows,after_cells,after_literal_format_tags,after_teds,after_teds_structure,provisionally_admitted
t_0027f30ac77f,True,2,1,1,0,1,0,0,1,True,952d0d54509e29e2f02d71dc9d4e19830b6cc440978df5373803a6b0cd938916,True,teacher_abstention,False,not mechanically provable,True,p0018,PMC3188473,native,68417164c1dfe7f466aeff605190e911ef4440187cf0cbd6207c5adc5dc0ea2b,28fafa416c9868a22d3180b602ffdd79630650f437b5dfe353b3ba9bf2ae5888,5,31,14,1.0,1.0,5,31,0,1.0,1.0,False
t_2785cb44d917,True,1,0,0,0,0,0,0,0,False,a66f0fd526a8e7169cd1ff4589ce52a5669111aaa7614bbada17f1860adbac30,True,teacher_self_check,False,not mechanically provable,True,p0009,PMC5877378,controlled,cecf99ab2245cc62ad5fd3ee8d1a59fc10d50e408df6c1ea671b1e064ce46250,a66f0fd526a8e7169cd1ff4589ce52a5669111aaa7614bbada17f1860adbac30,4,13,0,1.0,1.0,4,13,0,1.0,1.0,True
t_31d42d213e8e,True,1,0,0,0,0,0,0,0,False,dd768a6bc02b3ba98845dc3f86b374fbf6245fd65225c2d6ec2f2f46d20544ea,True,teacher_self_check,False,not mechanically provable,True,p0017,PMC5043612,controlled,f49b9155ca528ce289a3520694fc5d9c667532f59be61da6e5dadc66dca062d5,dd768a6bc02b3ba98845dc3f86b374fbf6245fd65225c2d6ec2f2f46d20544ea,10,26,0,1.0,1.0,10,26,0,1.0,1.0,True
t_3cbfba55f702,True,2,1,1,1,0,0,0,1,True,425f34b8e854ea7ccf5c61a7c3a77ef8e2e89273fb78e70f4d097bfdba3d5c44,True,teacher_abstention,False,not mechanically provable,True,p0020,PMC5372905,controlled,c0ff1438c72ba9514cb6ff93c7ac6b9353dfa259de84a451c3a6b2443f677ac5,0e093b4a9c8501e3f4431c79c605994b446a6c36e31255c736a609a306ee0e63,12,24,0,0.9963369963369964,1.0,12,24,0,1.0,1.0,False
t_3ed5f2fa02ed,True,1,0,0,0,0,0,0,0,False,d0cdae58e3fd53c97c2d1611267b282425b46671b0066f92eb0598a309fb164b,True,teacher_self_check,False,not mechanically provable,True,p0012,PMC4613204,controlled,602bd6affd080ba1f78696efdb40b23e2e735b2749e7b85b0dddf8e7070a940a,d0cdae58e3fd53c97c2d1611267b282425b46671b0066f92eb0598a309fb164b,9,26,0,1.0,1.0,9,26,0,1.0,1.0,True
t_58aed9566a37,True,2,1,1,0,1,0,0,1,True,7664d59195ddc87ed51d52021d5094f2aeea14b7d40a01fd9f1467834c0efa90,True,teacher_abstention,False,not mechanically provable,True,p0015,PMC5911292,native,a6983da4c2c8877bdddb471c359dc9051d23ef05ba1de25112eb1d3d24b8f204,61c09762e6a4e23681da69945d787a2918d754a37f7910992fa59fb933768035,4,16,10,0.9637860082304527,1.0,4,16,0,0.9876543209876543,1.0,False
t_63332743fc90,True,2,1,1,0,1,0,0,1,True,da66f8827c7ec14881d5650749f3e138aee515ce40158682ebd5445fb03ea40d,True,teacher_self_check,False,not mechanically provable,True,p0014,PMC5502467,native,2c1575d4f0485daa2b8e541fba10a4f9cac5fcc442de86bd86108b83478c126c,9cef4923e6cd80b244e2bdfa268e56cd74b7f6b57e3b55f466b121926491b0a6,5,15,8,1.0,1.0,5,15,0,1.0,1.0,True
t_895887a8de7d,True,2,1,1,0,1,0,0,1,True,aea5ddc437b76ac7eed47053e719f8ada19d03a64d439a4b632f302c4270fd10,True,teacher_self_check,False,not mechanically provable,True,p0013,PMC3227465,controlled,694739fa7bf762b6539c5d71d4e8f218e1bf09054f86ae1e1546b306ff75d47d,08db3b4039241008154aea2adf4f829a743aa8608421cc5d6876d4e20a93cba0,5,27,0,1.0,1.0,7,39,0,0.6842559523809524,0.75,False
t_cd47af960194,True,2,1,1,1,0,0,0,1,True,f8dd79dfffbb40ecbaf28caa1ee20c9f2820a0842d6d5453b458856d679cd1bd,True,teacher_self_check,False,not mechanically provable,True,p0016,PMC4786239,controlled,37710510c4dc05c0b214cf2c918ccecda05f48d8776d234845a735d71db71f2a,4a95bc653a06b6eaf1072f99805fbaa4070682b87a1592dbe752bdeb802d8a0a,8,16,0,0.9807692307692307,1.0,8,16,0,1.0,1.0,True
t_ce982e45d87b,True,2,1,1,0,1,0,0,1,True,bd9c31700a3b2b239522e68edcaa1268288346792f449de97385a0ad307ad2c2,True,teacher_self_check,False,not mechanically provable,True,p0011,PMC5472877,native,4d5fb36c884342e47333b331947a1c38cc5a4445d425e6e7c5fd0df98f406ce6,c3779adbae95a0a74476182c36c2fd9a26350758be3e5934b53d935eeb2ca2f4,8,32,16,1.0,1.0,8,32,0,1.0,1.0,True
t_eb8ea6f1cfe6,True,2,1,1,0,1,0,0,1,True,c0593d5531c39d744fb0e916c29f67e866a2b8ef25bda7c1dc457f44bec9c477,True,teacher_self_check,False,not mechanically provable,True,p0019,PMC2713230,native,28b8c4f324bababf831c4db0be4016f051d39eda3bfee3bb8445b39e85a32b58,2b0197700aa63ff10ed38f9e14aabe040bd71680af6dce98a7ab4371a0042e2d,5,10,4,1.0,1.0,5,10,0,1.0,1.0,True
t_ecbc2954c449,True,2,1,1,0,1,0,0,1,True,effa5b4f5ad76e24040a466a18cf6e864479a41c5142d1cea8d5d53044b17059,True,teacher_self_check,False,not mechanically provable,True,p0010,PMC3605234,native,a374ebce48acadb05a60641c439f7785716ac35965bbc3f2429ed82556a8617b,571c64205c2029a8eb45c932c1ec3a2fcf14f65351403794b674a402e5eefe07,5,15,6,1.0,1.0,5,15,0,1.0,1.0,True
