arm,variant,cases,initial_teds,final_teds,delta_teds,initial_teds_structure,final_teds_structure,delta_teds_structure,document_id
unchanged_0,all,3,0.966129898013956,0.966129898013956,0.0,0.9666666666666667,0.9666666666666667,0.0,PMC2874920
unchanged_0,all,3,0.9634310134310134,0.9634310134310134,0.0,0.9658119658119658,0.9658119658119658,0.0,PMC5193155
unchanged_0,all,3,0.9332298136645962,0.9332298136645962,0.0,0.9404761904761905,0.9404761904761905,0.0,PMC3672445
unchanged_0,all,4,0.9524594320486816,0.9524594320486816,0.0,0.9546146044624746,0.9546146044624746,0.0,PMC3178515
unchanged_0,all,3,0.975189393939394,0.975189393939394,0.0,0.9772727272727273,0.9772727272727273,0.0,PMC4736677
unchanged_0,all,3,0.9370089786756454,0.9370089786756454,0.0,0.9382716049382717,0.9382716049382717,0.0,PMC3721020
unchanged_0,all,3,0.9376430205949656,0.9376430205949656,0.0,0.9420289855072463,0.9420289855072463,0.0,PMC3577484
unchanged_0,all,3,0.9676603432700993,0.9676603432700993,0.0,0.9703703703703703,0.9703703703703703,0.0,PMC4962233
unchanged_0,all,3,0.9495436105476673,0.9495436105476673,0.0,0.9509803921568627,0.9509803921568627,0.0,PMC5470785
unchanged_0,all,3,0.9604118104118105,0.9604118104118105,0.0,0.9621212121212122,0.9621212121212122,0.0,PMC3502425
unchanged_0,all,3,0.9545201115093588,0.9545201115093588,0.0,0.956989247311828,0.956989247311828,0.0,PMC4852407
unchanged_0,all,3,0.9630028735632183,0.9630028735632183,0.0,0.96875,0.96875,0.0,PMC4813918
unchanged_0,all,4,0.9655142758857929,0.9655142758857929,0.0,0.9663312693498451,0.9663312693498451,0.0,PMC5516383
unchanged_0,all,4,0.955448717948718,0.955448717948718,0.0,0.9570512820512821,0.9570512820512821,0.0,PMC4721698
unchanged_0,all,3,0.9211640211640212,0.9211640211640212,0.0,0.9259259259259259,0.9259259259259259,0.0,PMC3337270
unchanged_0,all,3,0.962037037037037,0.962037037037037,0.0,0.9629629629629629,0.9629629629629629,0.0,PMC4306374
unchanged_0,all,4,0.9636446886446887,0.9636446886446887,0.0,0.9672161172161172,0.9672161172161172,0.0,PMC4178980
unchanged_0,all,3,0.9753787878787878,0.9753787878787878,0.0,0.9791666666666666,0.9791666666666666,0.0,PMC2660907
unchanged_0,all,4,0.9699519230769231,0.9699519230769231,0.0,0.9703525641025641,0.9703525641025641,0.0,PMC4182779
unchanged_0,all,3,0.9485791985791986,0.9485791985791986,0.0,0.9494949494949495,0.9494949494949495,0.0,PMC2880022
unchanged_0,all,3,0.9556309703368527,0.9556309703368527,0.0,0.9572649572649573,0.9572649572649573,0.0,PMC2674426
unchanged_0,all,3,0.9626937984496124,0.9626937984496124,0.0,0.9652777777777778,0.9652777777777778,0.0,PMC4506432
unchanged_0,all,3,0.9629531388152078,0.9629531388152078,0.0,0.9655172413793104,0.9655172413793104,0.0,PMC5187535
unchanged_0,all,3,0.955638034641216,0.955638034641216,0.0,0.9637681159420289,0.9637681159420289,0.0,PMC2367645
unchanged_0,all,3,0.9727477477477477,0.9727477477477477,0.0,0.975,0.975,0.0,PMC4733134
unchanged_0,all,3,0.9661432452130126,0.9661432452130126,0.0,0.9689922480620156,0.9689922480620156,0.0,PMC5657040
unchanged_0,all,4,0.9746642246642246,0.9746642246642246,0.0,0.9757326007326007,0.9757326007326007,0.0,PMC4975728
unchanged_0,all,3,0.9469940955448202,0.9469940955448202,0.0,0.9506172839506173,0.9506172839506173,0.0,PMC4678532
unchanged_0,all,3,0.9614911969750679,0.9614911969750679,0.0,0.9619047619047619,0.9619047619047619,0.0,PMC3866604
unchanged_0,all,4,0.9457854406130268,0.9457854406130268,0.0,0.9464798850574713,0.9464798850574713,0.0,PMC3337486
unchanged_0,all,3,0.9556309703368527,0.9556309703368527,0.0,0.9572649572649573,0.9572649572649573,0.0,PMC4100265
unchanged_0,all,3,0.9508164078056551,0.9508164078056551,0.0,0.956989247311828,0.956989247311828,0.0,PMC1906856
unchanged_0,preservation,1,1.0,1.0,0.0,1.0,1.0,0.0,PMC2874920
unchanged_0,preservation,1,1.0,1.0,0.0,1.0,1.0,0.0,PMC5193155
unchanged_0,preservation,1,1.0,1.0,0.0,1.0,1.0,0.0,PMC3672445
unchanged_0,preservation,1,1.0,1.0,0.0,1.0,1.0,0.0,PMC3178515
unchanged_0,preservation,1,1.0,1.0,0.0,1.0,1.0,0.0,PMC4736677
unchanged_0,preservation,1,1.0,1.0,0.0,1.0,1.0,0.0,PMC3721020
unchanged_0,preservation,1,1.0,1.0,0.0,1.0,1.0,0.0,PMC3577484
unchanged_0,preservation,1,1.0,1.0,0.0,1.0,1.0,0.0,PMC4962233
unchanged_0,preservation,1,1.0,1.0,0.0,1.0,1.0,0.0,PMC5470785
unchanged_0,preservation,1,1.0,1.0,0.0,1.0,1.0,0.0,PMC3502425
unchanged_0,preservation,1,1.0,1.0,0.0,1.0,1.0,0.0,PMC4852407
unchanged_0,preservation,1,1.0,1.0,0.0,1.0,1.0,0.0,PMC4813918
unchanged_0,preservation,1,1.0,1.0,0.0,1.0,1.0,0.0,PMC5516383
unchanged_0,preservation,1,1.0,1.0,0.0,1.0,1.0,0.0,PMC4721698
unchanged_0,preservation,1,1.0,1.0,0.0,1.0,1.0,0.0,PMC3337270
unchanged_0,preservation,1,1.0,1.0,0.0,1.0,1.0,0.0,PMC4306374
unchanged_0,preservation,1,1.0,1.0,0.0,1.0,1.0,0.0,PMC4178980
unchanged_0,preservation,1,1.0,1.0,0.0,1.0,1.0,0.0,PMC2660907
unchanged_0,preservation,1,1.0,1.0,0.0,1.0,1.0,0.0,PMC4182779
unchanged_0,preservation,1,1.0,1.0,0.0,1.0,1.0,0.0,PMC2880022
unchanged_0,preservation,1,1.0,1.0,0.0,1.0,1.0,0.0,PMC2674426
unchanged_0,preservation,1,1.0,1.0,0.0,1.0,1.0,0.0,PMC4506432
unchanged_0,preservation,1,1.0,1.0,0.0,1.0,1.0,0.0,PMC5187535
unchanged_0,preservation,1,1.0,1.0,0.0,1.0,1.0,0.0,PMC2367645
unchanged_0,preservation,1,1.0,1.0,0.0,1.0,1.0,0.0,PMC4733134
unchanged_0,preservation,1,1.0,1.0,0.0,1.0,1.0,0.0,PMC5657040
unchanged_0,preservation,1,1.0,1.0,0.0,1.0,1.0,0.0,PMC4975728
unchanged_0,preservation,1,1.0,1.0,0.0,1.0,1.0,0.0,PMC4678532
unchanged_0,preservation,1,1.0,1.0,0.0,1.0,1.0,0.0,PMC3866604
unchanged_0,preservation,1,1.0,1.0,0.0,1.0,1.0,0.0,PMC3337486
unchanged_0,preservation,1,1.0,1.0,0.0,1.0,1.0,0.0,PMC4100265
unchanged_0,preservation,1,1.0,1.0,0.0,1.0,1.0,0.0,PMC1906856
unchanged_0,cell_perturbation,1,0.998389694041868,0.998389694041868,0.0,1.0,1.0,0.0,PMC2874920
unchanged_0,cell_perturbation,1,0.9928571428571429,0.9928571428571429,0.0,1.0,1.0,0.0,PMC5193155
unchanged_0,cell_perturbation,1,0.9782608695652174,0.9782608695652174,0.0,1.0,1.0,0.0,PMC3672445
unchanged_0,cell_perturbation,1,0.9913793103448276,0.9913793103448276,0.0,1.0,1.0,0.0,PMC3178515
unchanged_0,cell_perturbation,1,0.99375,0.99375,0.0,1.0,1.0,0.0,PMC4736677
unchanged_0,cell_perturbation,1,0.9962121212121212,0.9962121212121212,0.0,1.0,1.0,0.0,PMC3721020
unchanged_0,cell_perturbation,1,0.9868421052631579,0.9868421052631579,0.0,1.0,1.0,0.0,PMC3577484
unchanged_0,cell_perturbation,1,0.991869918699187,0.991869918699187,0.0,1.0,1.0,0.0,PMC4962233
unchanged_0,cell_perturbation,1,0.9956896551724138,0.9956896551724138,0.0,1.0,1.0,0.0,PMC5470785
unchanged_0,cell_perturbation,1,0.9948717948717949,0.9948717948717949,0.0,1.0,1.0,0.0,PMC3502425
unchanged_0,cell_perturbation,1,0.9925925925925926,0.9925925925925926,0.0,1.0,1.0,0.0,PMC4852407
unchanged_0,cell_perturbation,1,0.9827586206896551,0.9827586206896551,0.0,1.0,1.0,0.0,PMC4813918
unchanged_0,cell_perturbation,1,0.9967320261437909,0.9967320261437909,0.0,1.0,1.0,0.0,PMC5516383
unchanged_0,cell_perturbation,1,0.9935897435897436,0.9935897435897436,0.0,1.0,1.0,0.0,PMC4721698
unchanged_0,cell_perturbation,1,0.9857142857142858,0.9857142857142858,0.0,1.0,1.0,0.0,PMC3337270
unchanged_0,cell_perturbation,1,0.9972222222222222,0.9972222222222222,0.0,1.0,1.0,0.0,PMC4306374
unchanged_0,cell_perturbation,1,0.9857142857142858,0.9857142857142858,0.0,1.0,1.0,0.0,PMC4178980
unchanged_0,cell_perturbation,1,0.9886363636363636,0.9886363636363636,0.0,1.0,1.0,0.0,PMC2660907
unchanged_0,cell_perturbation,1,0.9983974358974359,0.9983974358974359,0.0,1.0,1.0,0.0,PMC4182779
unchanged_0,cell_perturbation,1,0.9972527472527473,0.9972527472527473,0.0,1.0,1.0,0.0,PMC2880022
unchanged_0,cell_perturbation,1,0.9950980392156863,0.9950980392156863,0.0,1.0,1.0,0.0,PMC2674426
unchanged_0,cell_perturbation,1,0.9922480620155039,0.9922480620155039,0.0,1.0,1.0,0.0,PMC4506432
unchanged_0,cell_perturbation,1,0.9923076923076923,0.9923076923076923,0.0,1.0,1.0,0.0,PMC5187535
unchanged_0,cell_perturbation,1,0.975609756097561,0.975609756097561,0.0,1.0,1.0,0.0,PMC2367645
unchanged_0,cell_perturbation,1,0.9932432432432432,0.9932432432432432,0.0,1.0,1.0,0.0,PMC4733134
unchanged_0,cell_perturbation,1,0.9914529914529915,0.9914529914529915,0.0,1.0,1.0,0.0,PMC5657040
unchanged_0,cell_perturbation,1,0.9957264957264957,0.9957264957264957,0.0,1.0,1.0,0.0,PMC4975728
unchanged_0,cell_perturbation,1,0.9891304347826086,0.9891304347826086,0.0,1.0,1.0,0.0,PMC4678532
unchanged_0,cell_perturbation,1,0.9987593052109182,0.9987593052109182,0.0,1.0,1.0,0.0,PMC3866604
unchanged_0,cell_perturbation,1,0.9972222222222222,0.9972222222222222,0.0,1.0,1.0,0.0,PMC3337486
unchanged_0,cell_perturbation,1,0.9950980392156863,0.9950980392156863,0.0,1.0,1.0,0.0,PMC4100265
unchanged_0,cell_perturbation,1,0.9814814814814815,0.9814814814814815,0.0,1.0,1.0,0.0,PMC1906856
unchanged_0,extra_row,1,0.9,0.9,0.0,0.9,0.9,0.0,PMC2874920
unchanged_0,extra_row,1,0.8974358974358975,0.8974358974358975,0.0,0.8974358974358975,0.8974358974358975,0.0,PMC5193155
unchanged_0,extra_row,1,0.8214285714285714,0.8214285714285714,0.0,0.8214285714285714,0.8214285714285714,0.0,PMC3672445
unchanged_0,extra_row,1,0.8529411764705882,0.8529411764705882,0.0,0.8529411764705882,0.8529411764705882,0.0,PMC3178515
unchanged_0,extra_row,1,0.9318181818181819,0.9318181818181819,0.0,0.9318181818181819,0.9318181818181819,0.0,PMC4736677
unchanged_0,extra_row,1,0.8148148148148149,0.8148148148148149,0.0,0.8148148148148149,0.8148148148148149,0.0,PMC3721020
unchanged_0,extra_row,1,0.8260869565217391,0.8260869565217391,0.0,0.8260869565217391,0.8260869565217391,0.0,PMC3577484
unchanged_0,extra_row,1,0.9111111111111111,0.9111111111111111,0.0,0.9111111111111111,0.9111111111111111,0.0,PMC4962233
unchanged_0,extra_row,1,0.8529411764705882,0.8529411764705882,0.0,0.8529411764705882,0.8529411764705882,0.0,PMC5470785
unchanged_0,extra_row,1,0.8863636363636364,0.8863636363636364,0.0,0.8863636363636364,0.8863636363636364,0.0,PMC3502425
unchanged_0,extra_row,1,0.8709677419354839,0.8709677419354839,0.0,0.8709677419354839,0.8709677419354839,0.0,PMC4852407
unchanged_0,extra_row,1,0.90625,0.90625,0.0,0.90625,0.90625,0.0,PMC4813918
unchanged_0,extra_row,1,0.8947368421052632,0.8947368421052632,0.0,0.8947368421052632,0.8947368421052632,0.0,PMC5516383
unchanged_0,extra_row,1,0.8666666666666667,0.8666666666666667,0.0,0.8666666666666667,0.8666666666666667,0.0,PMC4721698
unchanged_0,extra_row,1,0.7777777777777778,0.7777777777777778,0.0,0.7777777777777778,0.7777777777777778,0.0,PMC3337270
unchanged_0,extra_row,1,0.8888888888888888,0.8888888888888888,0.0,0.8888888888888888,0.8888888888888888,0.0,PMC4306374
unchanged_0,extra_row,1,0.8974358974358975,0.8974358974358975,0.0,0.8974358974358975,0.8974358974358975,0.0,PMC4178980
unchanged_0,extra_row,1,0.9375,0.9375,0.0,0.9375,0.9375,0.0,PMC2660907
unchanged_0,extra_row,1,0.9230769230769231,0.9230769230769231,0.0,0.9230769230769231,0.9230769230769231,0.0,PMC4182779
unchanged_0,extra_row,1,0.8484848484848485,0.8484848484848485,0.0,0.8484848484848485,0.8484848484848485,0.0,PMC2880022
unchanged_0,extra_row,1,0.8717948717948718,0.8717948717948718,0.0,0.8717948717948718,0.8717948717948718,0.0,PMC2674426
unchanged_0,extra_row,1,0.8958333333333334,0.8958333333333334,0.0,0.8958333333333334,0.8958333333333334,0.0,PMC4506432
unchanged_0,extra_row,1,0.896551724137931,0.896551724137931,0.0,0.896551724137931,0.896551724137931,0.0,PMC5187535
unchanged_0,extra_row,1,0.8913043478260869,0.8913043478260869,0.0,0.8913043478260869,0.8913043478260869,0.0,PMC2367645
unchanged_0,extra_row,1,0.925,0.925,0.0,0.925,0.925,0.0,PMC4733134
unchanged_0,extra_row,1,0.9069767441860466,0.9069767441860466,0.0,0.9069767441860466,0.9069767441860466,0.0,PMC5657040
unchanged_0,extra_row,1,0.9285714285714286,0.9285714285714286,0.0,0.9285714285714286,0.9285714285714286,0.0,PMC4975728
unchanged_0,extra_row,1,0.8518518518518519,0.8518518518518519,0.0,0.8518518518518519,0.8518518518518519,0.0,PMC4678532
unchanged_0,extra_row,1,0.8857142857142857,0.8857142857142857,0.0,0.8857142857142857,0.8857142857142857,0.0,PMC3866604
unchanged_0,extra_row,1,0.8275862068965517,0.8275862068965517,0.0,0.8275862068965517,0.8275862068965517,0.0,PMC3337486
unchanged_0,extra_row,1,0.8717948717948718,0.8717948717948718,0.0,0.8717948717948718,0.8717948717948718,0.0,PMC4100265
unchanged_0,extra_row,1,0.8709677419354839,0.8709677419354839,0.0,0.8709677419354839,0.8709677419354839,0.0,PMC1906856
unchanged_0,span_perturbation,1,0.9655172413793104,0.9655172413793104,0.0,0.9655172413793104,0.9655172413793104,0.0,PMC3178515
unchanged_0,span_perturbation,1,0.9705882352941176,0.9705882352941176,0.0,0.9705882352941176,0.9705882352941176,0.0,PMC5516383
unchanged_0,span_perturbation,1,0.9615384615384616,0.9615384615384616,0.0,0.9615384615384616,0.9615384615384616,0.0,PMC4721698
unchanged_0,span_perturbation,1,0.9714285714285714,0.9714285714285714,0.0,0.9714285714285714,0.9714285714285714,0.0,PMC4178980
unchanged_0,span_perturbation,1,0.9583333333333334,0.9583333333333334,0.0,0.9583333333333334,0.9583333333333334,0.0,PMC4182779
unchanged_0,span_perturbation,1,0.9743589743589743,0.9743589743589743,0.0,0.9743589743589743,0.9743589743589743,0.0,PMC4975728
unchanged_0,span_perturbation,1,0.9583333333333334,0.9583333333333334,0.0,0.9583333333333334,0.9583333333333334,0.0,PMC3337486
base,all,3,0.966129898013956,0.966129898013956,0.0,0.9666666666666667,0.9666666666666667,0.0,PMC2874920
base,all,3,0.9634310134310134,0.9634310134310134,0.0,0.9658119658119658,0.9658119658119658,0.0,PMC5193155
base,all,3,0.9332298136645962,0.9332298136645962,0.0,0.9404761904761905,0.9404761904761905,0.0,PMC3672445
base,all,4,0.9524594320486816,0.9524594320486816,0.0,0.9546146044624746,0.9546146044624746,0.0,PMC3178515
base,all,3,0.975189393939394,0.975189393939394,0.0,0.9772727272727273,0.9772727272727273,0.0,PMC4736677
base,all,3,0.9370089786756454,0.9370089786756454,0.0,0.9382716049382717,0.9382716049382717,0.0,PMC3721020
base,all,3,0.9376430205949656,0.9376430205949656,0.0,0.9420289855072463,0.9420289855072463,0.0,PMC3577484
base,all,3,0.9676603432700993,0.9676603432700993,0.0,0.9703703703703703,0.9703703703703703,0.0,PMC4962233
base,all,3,0.9495436105476673,0.9495436105476673,0.0,0.9509803921568627,0.9509803921568627,0.0,PMC5470785
base,all,3,0.9604118104118105,0.9604118104118105,0.0,0.9621212121212122,0.9621212121212122,0.0,PMC3502425
base,all,3,0.9545201115093588,0.9545201115093588,0.0,0.956989247311828,0.956989247311828,0.0,PMC4852407
base,all,3,0.9630028735632183,0.9630028735632183,0.0,0.96875,0.96875,0.0,PMC4813918
base,all,4,0.9655142758857929,0.9655142758857929,0.0,0.9663312693498451,0.9663312693498451,0.0,PMC5516383
base,all,4,0.955448717948718,0.955448717948718,0.0,0.9570512820512821,0.9570512820512821,0.0,PMC4721698
base,all,3,0.9211640211640212,0.9211640211640212,0.0,0.9259259259259259,0.9259259259259259,0.0,PMC3337270
base,all,3,0.962037037037037,0.962037037037037,0.0,0.9629629629629629,0.9629629629629629,0.0,PMC4306374
base,all,4,0.9636446886446887,0.9636446886446887,0.0,0.9672161172161172,0.9672161172161172,0.0,PMC4178980
base,all,3,0.9753787878787878,0.9753787878787878,0.0,0.9791666666666666,0.9791666666666666,0.0,PMC2660907
base,all,4,0.9699519230769231,0.9699519230769231,0.0,0.9703525641025641,0.9703525641025641,0.0,PMC4182779
base,all,3,0.9485791985791986,0.9485791985791986,0.0,0.9494949494949495,0.9494949494949495,0.0,PMC2880022
base,all,3,0.9556309703368527,0.9556309703368527,0.0,0.9572649572649573,0.9572649572649573,0.0,PMC2674426
base,all,3,0.9626937984496124,0.9626937984496124,0.0,0.9652777777777778,0.9652777777777778,0.0,PMC4506432
base,all,3,0.9629531388152078,0.9629531388152078,0.0,0.9655172413793104,0.9655172413793104,0.0,PMC5187535
base,all,3,0.955638034641216,0.955638034641216,0.0,0.9637681159420289,0.9637681159420289,0.0,PMC2367645
base,all,3,0.9727477477477477,0.9727477477477477,0.0,0.975,0.975,0.0,PMC4733134
base,all,3,0.9661432452130126,0.9661432452130126,0.0,0.9689922480620156,0.9689922480620156,0.0,PMC5657040
base,all,4,0.9746642246642246,0.9746642246642246,0.0,0.9757326007326007,0.9757326007326007,0.0,PMC4975728
base,all,3,0.9469940955448202,0.9469940955448202,0.0,0.9506172839506173,0.9506172839506173,0.0,PMC4678532
base,all,3,0.9614911969750679,0.9614911969750679,0.0,0.9619047619047619,0.9619047619047619,0.0,PMC3866604
base,all,4,0.9457854406130268,0.9457854406130268,0.0,0.9464798850574713,0.9464798850574713,0.0,PMC3337486
base,all,3,0.9556309703368527,0.9556309703368527,0.0,0.9572649572649573,0.9572649572649573,0.0,PMC4100265
base,all,3,0.9508164078056551,0.9508164078056551,0.0,0.956989247311828,0.956989247311828,0.0,PMC1906856
base,preservation,1,1.0,1.0,0.0,1.0,1.0,0.0,PMC2874920
base,preservation,1,1.0,1.0,0.0,1.0,1.0,0.0,PMC5193155
base,preservation,1,1.0,1.0,0.0,1.0,1.0,0.0,PMC3672445
base,preservation,1,1.0,1.0,0.0,1.0,1.0,0.0,PMC3178515
base,preservation,1,1.0,1.0,0.0,1.0,1.0,0.0,PMC4736677
base,preservation,1,1.0,1.0,0.0,1.0,1.0,0.0,PMC3721020
base,preservation,1,1.0,1.0,0.0,1.0,1.0,0.0,PMC3577484
base,preservation,1,1.0,1.0,0.0,1.0,1.0,0.0,PMC4962233
base,preservation,1,1.0,1.0,0.0,1.0,1.0,0.0,PMC5470785
base,preservation,1,1.0,1.0,0.0,1.0,1.0,0.0,PMC3502425
base,preservation,1,1.0,1.0,0.0,1.0,1.0,0.0,PMC4852407
base,preservation,1,1.0,1.0,0.0,1.0,1.0,0.0,PMC4813918
base,preservation,1,1.0,1.0,0.0,1.0,1.0,0.0,PMC5516383
base,preservation,1,1.0,1.0,0.0,1.0,1.0,0.0,PMC4721698
base,preservation,1,1.0,1.0,0.0,1.0,1.0,0.0,PMC3337270
base,preservation,1,1.0,1.0,0.0,1.0,1.0,0.0,PMC4306374
base,preservation,1,1.0,1.0,0.0,1.0,1.0,0.0,PMC4178980
base,preservation,1,1.0,1.0,0.0,1.0,1.0,0.0,PMC2660907
base,preservation,1,1.0,1.0,0.0,1.0,1.0,0.0,PMC4182779
base,preservation,1,1.0,1.0,0.0,1.0,1.0,0.0,PMC2880022
base,preservation,1,1.0,1.0,0.0,1.0,1.0,0.0,PMC2674426
base,preservation,1,1.0,1.0,0.0,1.0,1.0,0.0,PMC4506432
base,preservation,1,1.0,1.0,0.0,1.0,1.0,0.0,PMC5187535
base,preservation,1,1.0,1.0,0.0,1.0,1.0,0.0,PMC2367645
base,preservation,1,1.0,1.0,0.0,1.0,1.0,0.0,PMC4733134
base,preservation,1,1.0,1.0,0.0,1.0,1.0,0.0,PMC5657040
base,preservation,1,1.0,1.0,0.0,1.0,1.0,0.0,PMC4975728
base,preservation,1,1.0,1.0,0.0,1.0,1.0,0.0,PMC4678532
base,preservation,1,1.0,1.0,0.0,1.0,1.0,0.0,PMC3866604
base,preservation,1,1.0,1.0,0.0,1.0,1.0,0.0,PMC3337486
base,preservation,1,1.0,1.0,0.0,1.0,1.0,0.0,PMC4100265
base,preservation,1,1.0,1.0,0.0,1.0,1.0,0.0,PMC1906856
base,cell_perturbation,1,0.998389694041868,0.998389694041868,0.0,1.0,1.0,0.0,PMC2874920
base,cell_perturbation,1,0.9928571428571429,0.9928571428571429,0.0,1.0,1.0,0.0,PMC5193155
base,cell_perturbation,1,0.9782608695652174,0.9782608695652174,0.0,1.0,1.0,0.0,PMC3672445
base,cell_perturbation,1,0.9913793103448276,0.9913793103448276,0.0,1.0,1.0,0.0,PMC3178515
base,cell_perturbation,1,0.99375,0.99375,0.0,1.0,1.0,0.0,PMC4736677
base,cell_perturbation,1,0.9962121212121212,0.9962121212121212,0.0,1.0,1.0,0.0,PMC3721020
base,cell_perturbation,1,0.9868421052631579,0.9868421052631579,0.0,1.0,1.0,0.0,PMC3577484
base,cell_perturbation,1,0.991869918699187,0.991869918699187,0.0,1.0,1.0,0.0,PMC4962233
base,cell_perturbation,1,0.9956896551724138,0.9956896551724138,0.0,1.0,1.0,0.0,PMC5470785
base,cell_perturbation,1,0.9948717948717949,0.9948717948717949,0.0,1.0,1.0,0.0,PMC3502425
base,cell_perturbation,1,0.9925925925925926,0.9925925925925926,0.0,1.0,1.0,0.0,PMC4852407
base,cell_perturbation,1,0.9827586206896551,0.9827586206896551,0.0,1.0,1.0,0.0,PMC4813918
base,cell_perturbation,1,0.9967320261437909,0.9967320261437909,0.0,1.0,1.0,0.0,PMC5516383
base,cell_perturbation,1,0.9935897435897436,0.9935897435897436,0.0,1.0,1.0,0.0,PMC4721698
base,cell_perturbation,1,0.9857142857142858,0.9857142857142858,0.0,1.0,1.0,0.0,PMC3337270
base,cell_perturbation,1,0.9972222222222222,0.9972222222222222,0.0,1.0,1.0,0.0,PMC4306374
base,cell_perturbation,1,0.9857142857142858,0.9857142857142858,0.0,1.0,1.0,0.0,PMC4178980
base,cell_perturbation,1,0.9886363636363636,0.9886363636363636,0.0,1.0,1.0,0.0,PMC2660907
base,cell_perturbation,1,0.9983974358974359,0.9983974358974359,0.0,1.0,1.0,0.0,PMC4182779
base,cell_perturbation,1,0.9972527472527473,0.9972527472527473,0.0,1.0,1.0,0.0,PMC2880022
base,cell_perturbation,1,0.9950980392156863,0.9950980392156863,0.0,1.0,1.0,0.0,PMC2674426
base,cell_perturbation,1,0.9922480620155039,0.9922480620155039,0.0,1.0,1.0,0.0,PMC4506432
base,cell_perturbation,1,0.9923076923076923,0.9923076923076923,0.0,1.0,1.0,0.0,PMC5187535
base,cell_perturbation,1,0.975609756097561,0.975609756097561,0.0,1.0,1.0,0.0,PMC2367645
base,cell_perturbation,1,0.9932432432432432,0.9932432432432432,0.0,1.0,1.0,0.0,PMC4733134
base,cell_perturbation,1,0.9914529914529915,0.9914529914529915,0.0,1.0,1.0,0.0,PMC5657040
base,cell_perturbation,1,0.9957264957264957,0.9957264957264957,0.0,1.0,1.0,0.0,PMC4975728
base,cell_perturbation,1,0.9891304347826086,0.9891304347826086,0.0,1.0,1.0,0.0,PMC4678532
base,cell_perturbation,1,0.9987593052109182,0.9987593052109182,0.0,1.0,1.0,0.0,PMC3866604
base,cell_perturbation,1,0.9972222222222222,0.9972222222222222,0.0,1.0,1.0,0.0,PMC3337486
base,cell_perturbation,1,0.9950980392156863,0.9950980392156863,0.0,1.0,1.0,0.0,PMC4100265
base,cell_perturbation,1,0.9814814814814815,0.9814814814814815,0.0,1.0,1.0,0.0,PMC1906856
base,extra_row,1,0.9,0.9,0.0,0.9,0.9,0.0,PMC2874920
base,extra_row,1,0.8974358974358975,0.8974358974358975,0.0,0.8974358974358975,0.8974358974358975,0.0,PMC5193155
base,extra_row,1,0.8214285714285714,0.8214285714285714,0.0,0.8214285714285714,0.8214285714285714,0.0,PMC3672445
base,extra_row,1,0.8529411764705882,0.8529411764705882,0.0,0.8529411764705882,0.8529411764705882,0.0,PMC3178515
base,extra_row,1,0.9318181818181819,0.9318181818181819,0.0,0.9318181818181819,0.9318181818181819,0.0,PMC4736677
base,extra_row,1,0.8148148148148149,0.8148148148148149,0.0,0.8148148148148149,0.8148148148148149,0.0,PMC3721020
base,extra_row,1,0.8260869565217391,0.8260869565217391,0.0,0.8260869565217391,0.8260869565217391,0.0,PMC3577484
base,extra_row,1,0.9111111111111111,0.9111111111111111,0.0,0.9111111111111111,0.9111111111111111,0.0,PMC4962233
base,extra_row,1,0.8529411764705882,0.8529411764705882,0.0,0.8529411764705882,0.8529411764705882,0.0,PMC5470785
base,extra_row,1,0.8863636363636364,0.8863636363636364,0.0,0.8863636363636364,0.8863636363636364,0.0,PMC3502425
base,extra_row,1,0.8709677419354839,0.8709677419354839,0.0,0.8709677419354839,0.8709677419354839,0.0,PMC4852407
base,extra_row,1,0.90625,0.90625,0.0,0.90625,0.90625,0.0,PMC4813918
base,extra_row,1,0.8947368421052632,0.8947368421052632,0.0,0.8947368421052632,0.8947368421052632,0.0,PMC5516383
base,extra_row,1,0.8666666666666667,0.8666666666666667,0.0,0.8666666666666667,0.8666666666666667,0.0,PMC4721698
base,extra_row,1,0.7777777777777778,0.7777777777777778,0.0,0.7777777777777778,0.7777777777777778,0.0,PMC3337270
base,extra_row,1,0.8888888888888888,0.8888888888888888,0.0,0.8888888888888888,0.8888888888888888,0.0,PMC4306374
base,extra_row,1,0.8974358974358975,0.8974358974358975,0.0,0.8974358974358975,0.8974358974358975,0.0,PMC4178980
base,extra_row,1,0.9375,0.9375,0.0,0.9375,0.9375,0.0,PMC2660907
base,extra_row,1,0.9230769230769231,0.9230769230769231,0.0,0.9230769230769231,0.9230769230769231,0.0,PMC4182779
base,extra_row,1,0.8484848484848485,0.8484848484848485,0.0,0.8484848484848485,0.8484848484848485,0.0,PMC2880022
base,extra_row,1,0.8717948717948718,0.8717948717948718,0.0,0.8717948717948718,0.8717948717948718,0.0,PMC2674426
base,extra_row,1,0.8958333333333334,0.8958333333333334,0.0,0.8958333333333334,0.8958333333333334,0.0,PMC4506432
base,extra_row,1,0.896551724137931,0.896551724137931,0.0,0.896551724137931,0.896551724137931,0.0,PMC5187535
base,extra_row,1,0.8913043478260869,0.8913043478260869,0.0,0.8913043478260869,0.8913043478260869,0.0,PMC2367645
base,extra_row,1,0.925,0.925,0.0,0.925,0.925,0.0,PMC4733134
base,extra_row,1,0.9069767441860466,0.9069767441860466,0.0,0.9069767441860466,0.9069767441860466,0.0,PMC5657040
base,extra_row,1,0.9285714285714286,0.9285714285714286,0.0,0.9285714285714286,0.9285714285714286,0.0,PMC4975728
base,extra_row,1,0.8518518518518519,0.8518518518518519,0.0,0.8518518518518519,0.8518518518518519,0.0,PMC4678532
base,extra_row,1,0.8857142857142857,0.8857142857142857,0.0,0.8857142857142857,0.8857142857142857,0.0,PMC3866604
base,extra_row,1,0.8275862068965517,0.8275862068965517,0.0,0.8275862068965517,0.8275862068965517,0.0,PMC3337486
base,extra_row,1,0.8717948717948718,0.8717948717948718,0.0,0.8717948717948718,0.8717948717948718,0.0,PMC4100265
base,extra_row,1,0.8709677419354839,0.8709677419354839,0.0,0.8709677419354839,0.8709677419354839,0.0,PMC1906856
base,span_perturbation,1,0.9655172413793104,0.9655172413793104,0.0,0.9655172413793104,0.9655172413793104,0.0,PMC3178515
base,span_perturbation,1,0.9705882352941176,0.9705882352941176,0.0,0.9705882352941176,0.9705882352941176,0.0,PMC5516383
base,span_perturbation,1,0.9615384615384616,0.9615384615384616,0.0,0.9615384615384616,0.9615384615384616,0.0,PMC4721698
base,span_perturbation,1,0.9714285714285714,0.9714285714285714,0.0,0.9714285714285714,0.9714285714285714,0.0,PMC4178980
base,span_perturbation,1,0.9583333333333334,0.9583333333333334,0.0,0.9583333333333334,0.9583333333333334,0.0,PMC4182779
base,span_perturbation,1,0.9743589743589743,0.9743589743589743,0.0,0.9743589743589743,0.9743589743589743,0.0,PMC4975728
base,span_perturbation,1,0.9583333333333334,0.9583333333333334,0.0,0.9583333333333334,0.9583333333333334,0.0,PMC3337486
